main_clustering_description,total_amount,%
Loyal Users,262471000.0,36.638055581534616
Potential Users,145295000.0,20.281578862880362
New Paid Users,119967000.0,16.74606952368057
Lost High-value,70042000.0,9.77709037966803
Churn App Users,65260000.0,9.109575942679186
Lost Users,50019000.0,6.982100506847537
Need attention,3335000.0,0.46552920270970105
